health_region_id,health_region_name,total,from_0_to_9,from_10_to_19,from_20_to_29,from_30_to_39,from_40_to_49,from_50_to_59,from_60_to_69,from_70_to_79,from_80_to_older
11001,Vale do Jamari,274136,45627,47064,48369,44468,36913,26646,15675,7013,2361
11002,Café,172081,24857,26912,29549,28666,24113,18947,11565,5308,2164
11003,Central,343113,50296,53452,57656,56436,47815,38075,23695,11108,4580
11004,Madeira-Mamoré,643452,100879,109717,117999,115621,86471,61640,33636,12833,4656
11005,Zona da Mata,135877,19691,20867,23341,22008,19356,15563,9093,4304,1654
11006,Cone Sul,158113,23968,25101,27603,26771,21977,16975,9675,4402,1641
11007,Vale do Guaporé,50453,8999,8719,9149,7698,6675,4663,2759,1334,457
12001,Alto Acre,71429,13109,14150,12985,10651,8512,5792,3463,1902,865
12002,Baixo Acre e Purus,576027,99199,115603,105616,91989,70073,46202,27954,13503,5888
12003,Juruá e Tarauacá/Envira,234479,55560,54062,41850,32310,22490,13520,8000,4616,2071
13001,"Manaus, Entorno e Alto Rio Negro",2576049,442011,471007,473517,429569,335686,219514,126454,55457,22834
13002,Rio Negro e Solimões,297949,66452,60461,56908,44552,30537,19072,11355,5907,2705
13003,Rio Madeira,199609,41892,37772,39117,31052,21524,14132,8205,4121,1794
13004,Médio Amazonas,172997,38403,33073,31123,24580,19024,12850,7983,4082,1879
13005,Baixo Amazonas,250599,59608,50149,45786,34146,24680,17098,10811,5419,2902
13006,Regional Purus,132588,29467,26093,24331,19914,13792,9250,5651,2894,1196
13007,Regional Juruá,137818,35426,28833,25106,19617,12549,8286,4570,2416,1015
13008,Triângulo,125121,31699,27305,23009,17348,11535,7029,4069,2199,928
13009,Alto Solimões,251867,64576,53925,46783,34675,22470,14811,8212,4450,1965
14001,Centro Norte,515366,95608,91110,101178,90247,62500,39676,22405,9320,3322
14002,Sul,90395,16806,15203,18190,16227,10703,7073,3951,1745,497
15001,Araguaia,566682,90362,104291,110346,99732,74283,46263,25537,11778,4090
15002,Baixo Amazonas,771715,146710,149203,138538,117212,89158,60857,40062,20632,9343
15003,Carajás,875232,155743,172797,167600,149047,102466,65780,37636,17518,6645
15004,Lago de Tucuruí,461593,86179,94872,90892,76303,51427,31468,18747,8649,3056
15006,Metropolitana I,2238680,282580,369166,377415,385044,328570,236527,152999,74371,32008
15007,Metropolitana II,367592,65552,70004,68335,58665,44068,29099,17910,9788,4171
15008,Metropolitana III,939421,163526,179476,175979,151746,112672,74833,46317,24500,10372
15009,Rio Caetés,541251,99509,102227,98478,85747,62756,43252,27798,14650,6834
15010,Tapajós,221135,39175,43161,42518,34413,25197,18707,11217,5003,1744
15011,Tocantins,705089,133290,138045,135253,113589,79237,50401,31740,16283,7251
15012,Xingu,350276,65340,69289,65056,55117,40985,27557,16271,7755,2906
15013,Marajó I,244027,48579,49041,45575,37121,26726,18012,10790,5526,2657
15014,Marajó II,320172,79276,72479,59730,42988,29090,17447,11073,5614,2475
16001,Área Central,566463,103293,109497,107880,94876,69690,42849,23535,10113,4730
16002,Área Norte,69931,16013,14032,12857,10225,7637,5031,2696,1029,411
16003,Área Sudoeste,209337,41657,41895,40441,33143,23336,14655,8369,4025,1816
17001,Médio Norte Araguaia,301862,48609,53420,54717,50205,38295,26543,16810,9005,4258
17002,Bico do Papagaio,209796,38343,36807,36999,32972,24635,17674,12003,6913,3450
17003,Sudeste,98597,16381,15948,17429,14879,12457,9572,6391,3733,1807
17004,Cerrado Tocantins Araguaia,161802,25481,26542,28378,25063,21969,16129,10125,5531,2584
17005,Ilha do Bananal,184257,25473,29043,31232,29396,26104,20109,12893,6859,3148
17006,Capim Dourado,375033,58723,71461,70899,64994,47797,30849,18223,8581,3506
17007,Cantão,130124,19697,21104,21683,20441,17893,13894,8733,4553,2126
17008,Amor Perfeito,111395,18201,18046,19136,17006,14354,10948,7326,4269,2109
21001,Açailândia,297408,54686,61581,55312,46443,32331,22029,14168,7746,3112
21002,Bacabal,269769,46452,51853,47414,41485,31242,22507,15404,8822,4590
21003,Balsas,226350,38756,43788,44282,35448,25094,17984,11545,6335,3118
21004,Barra do Corda,233372,45101,46682,43675,34547,24518,17418,11232,6886,3313
21005,Caxias,305941,54957,60181,52182,45318,33407,25851,18181,10317,5547
21006,Chapadinha,378364,71779,75127,69359,58171,39670,27976,19022,11295,5965
21007,Codó,309057,55368,60023,53582,45993,33396,25751,18177,10992,5775
21008,Imperatriz,542962,85697,100558,97800,88359,66776,46985,30808,17376,8603
21009,Itapecuru Mirim,384775,71666,76398,72421,59378,40567,28758,19460,10546,5581
21010,Pedreiras,218926,35766,39973,37838,33640,25952,19666,13550,8196,4345
21011,Pinheiro,397484,69779,75754,70023,61960,44899,32637,22322,13057,7053
21012,Presidente Dutra,290770,48458,53352,51515,43849,33837,25446,18031,10789,5493
21013,Rosário,300897,58884,60986,56605,45615,31130,21230,14205,7972,4270
21014,Santa Inês,394248,74430,79182,70067,58990,42193,29622,21113,12397,6254
21015,São João dos Patos,246109,40805,45131,44433,36308,27699,22317,15474,9178,4764
21016,São Luís,1454626,186637,254847,258949,263795,201068,141076,86762,41599,19893
21017,Timon,250006,40176,47098,43585,39630,30388,21784,14763,8331,4251
21018,Viana,273027,46965,51215,48885,44168,30904,22373,15077,8616,4824
21019,Zé Doca,301090,56501,60233,56913,47858,32022,21763,14011,8088,3701
22001,Carnaubais,163350,23337,26420,26209,24391,21425,17308,12896,7696,3668
22002,Chapada das Mangabeiras,197346,34297,36489,34769,29871,22606,17448,12072,6679,3115
22003,Cocais,401648,62816,69406,70561,61661,47863,38339,27602,15905,7495
22004,Entre Rios,1232854,169537,209940,208798,206187,164389,125566,85556,43555,19326
22005,Planície Litorânea,280259,42165,48444,48844,44581,36485,27114,17492,10299,4835
22006,Serra da Capivara,148434,22654,25659,25331,23042,18912,14950,9410,5792,2684
22007,Tabuleiros do Alto Parnaíba,47943,8447,9012,8888,7590,5249,4125,2638,1381,613
22008,Vale do Canindé,108908,16169,18029,18298,16409,14082,11329,7738,4690,2164
22009,Vale do Rio Guaribas,376792,52868,62735,63625,56920,50325,41047,26068,16096,7108
22010,Vale do Sambito,106786,14478,16576,16444,15707,14112,12107,8947,5523,2892
22011,Vale dos Rios Piauí e Itaueiras,208907,29861,34237,34070,32122,27016,22171,15661,9297,4472
23001,1ª Região Fortaleza,2841211,357646,437911,495706,496336,392623,313687,194387,104149,48766
23002,2ª Região Caucaia,622473,93100,102000,118187,99265,79455,63535,36419,20403,10109
23003,3ª Região Maracanaú,546089,80426,88252,103564,92097,69093,55144,32174,17244,8095
23004,4ª Região Baturité,140463,21788,22047,25813,21760,16965,14102,9029,5559,3400
23005,5ª Região Canindé,207578,32573,33051,38413,30463,24288,20724,13874,9084,5108
23006,6ª Região Itapipoca,300492,51446,50520,56658,47235,34767,26679,16673,10615,5899
23007,7ª Região Aracati,118788,16258,17506,20959,19919,16221,12698,7861,5095,2271
23008,8ª Região Quixadá,326639,48396,50959,59181,48529,39201,34275,22903,14848,8347
23009,9ª Região Russas,201337,26182,29040,35533,33187,26882,22529,14374,9035,4575
23010,10ª Região Limoeiro do Norte,227481,30001,33172,38438,36242,30171,26178,16979,10822,5478
23011,11ª Região Sobral,651498,96785,103504,122688,102768,79809,64413,40796,26291,14444
23012,12ª Região Acaraú,231596,39079,38609,44231,37472,27636,20317,12238,8120,3894
23013,13ª Região Tianguá,320838,53488,52273,59555,48520,37351,30194,20126,12470,6861
23014,14ª Região Tauá,115619,16482,17083,19902,16727,14562,12732,8814,6090,3227
23015,15ª Região Crateús,299786,42635,43176,50509,42788,38021,34210,23760,15612,9075
23016,16ª Região Camocim,157728,25485,26178,30201,24316,19478,14300,9064,5944,2762
23017,17ª Região Icó,172994,24021,25243,27994,26312,22195,19248,13848,9133,5000
23018,18ª Região Iguatú,323376,44857,46481,52772,50300,41987,36163,25408,16656,8752
23019,19ª Região Brejo Santo,216206,31969,33130,37707,34175,27809,21560,14495,9921,5440
23020,20ª Região Crato,349132,53287,55784,60922,53336,43200,34693,23499,16027,8384
23021,21ª Região Juazeiro do Norte,429364,66981,71231,76767,70316,53952,38861,25681,16688,8887
23022,22ª Região Cascavel,331390,48068,53584,62518,54797,43295,31778,19295,11834,6221
24001,1ª Região de Saúde - São José de Mipibu,385562,61157,62979,68955,61188,48148,38131,21914,15030,8060
24002,2ª Região de Saúde - Mossoró,489496,67001,75631,82238,84346,66730,55096,31003,18251,9200
24003,3ª Região de Saúde - João Câmara,352633,57069,58934,62479,56157,43403,34389,19734,13634,6834
24004,4ª Região de Saúde - Caicó,311037,39495,43725,48846,51158,42184,37429,23668,15631,8901
24005,5ª Região de Saúde - Santa Cruz,201256,30144,31362,35137,31640,24516,20679,13186,9253,5339
24006,6ª Região de Saúde - Pau dos Ferros,251618,34557,36203,39780,40172,32390,28800,19472,12986,7258
24007,7ª Região de Saúde - Metropolitana,1357366,172753,204350,233053,238365,187947,153453,92804,51025,23616
24008,8ª Região de Saúde - Açu,157885,22575,24875,26136,26852,20942,17686,9460,6097,3262
25001,1ª Região Mata Atlântica,1312521,173527,213041,218933,217043,184335,143696,90268,49438,22240
25002,2ª Região,306906,44986,48433,51697,46622,39911,31372,20731,14762,8392
25003,3ª Região,197160,29691,31753,31918,30165,24955,20248,13502,9558,5370
25004,4ª Região,113150,16443,18089,18616,17199,14017,11859,7911,5748,3268
25005,5ª Região,113432,15313,16844,17685,16993,15076,13183,8730,6071,3537
25006,6ª Região,237568,34136,38607,38161,37678,31443,24713,16558,10722,5550
25007,7ª Região,148646,20780,23186,24091,23389,19700,15646,11137,7226,3491
25008,8ª Região,118439,15982,18752,19543,18849,15786,13099,8399,5301,2728
25009,9ª Região,177393,23964,26987,29315,28731,22906,18303,13468,9085,4634
25010,10ª Região,117399,15591,17680,17241,18572,16289,13000,9313,6376,3337
25011,11ª Região,84949,13100,13966,14746,13262,10473,8195,5554,3824,1829
25012,12ª Região,176022,25854,28018,30036,26780,23072,17925,11887,8048,4402
25013,13ª Região,60609,7619,8863,9394,9462,8326,7014,4947,3235,1749
25014,14ª Região,152330,24687,25793,26474,23213,19331,14587,9307,5908,3030
25015,15ª Região,151072,22346,23609,26211,22408,18794,15932,10543,7318,3911
25016,16ª Região,550531,74728,89049,91999,88785,72922,58834,38612,23378,12224
26001,Afogados da Ingazeira,190011,28299,29055,30323,29313,23942,20336,14282,9508,4953
26002,Arcoverde,425162,75310,74636,72140,64382,49292,39431,25655,16346,7970
26003,Caruaru,1377071,209575,230765,240412,220318,176674,133737,84591,53216,27783
26004,Garanhuns,545039,91780,91217,91671,82671,65906,51172,35759,23209,11654
26005,Goiana,315057,47959,50393,52343,49593,41939,32422,21788,12452,6168
26006,Limoeiro,600850,86409,92837,99175,97053,82088,62878,42315,25355,12740
26007,Ouricuri,355864,65573,63593,60525,52528,40818,31437,20366,14186,6838
26008,Palmares,621417,103359,107639,109740,100870,79370,57926,34591,19341,8581
26009,Petrolina,504432,86535,92777,91487,80683,63890,43201,25321,14457,6081
26010,Recife,4234546,539283,634246,681379,690649,619710,490610,328694,172336,77639
26011,Salgueiro,147651,24816,25442,24911,22762,18284,13840,8827,5741,3028
26012,Serra Talhada,239971,38725,39619,39703,37197,30071,23310,15380,10517,5449
27001,1ª Região de Saúde,1276125,174985,220301,220267,202720,179066,134297,85536,41481,17472
27002,2ª Região de Saúde,165430,29689,32717,30260,24474,20109,13547,8443,4299,1892
27003,3ª Região de Saúde,224096,39534,42999,40410,33013,26413,18963,12759,6859,3146
27004,4ª Região de Saúde,143826,24549,27227,25359,21492,17282,12616,8605,4593,2103
27005,5ª Região de Saúde,238700,40351,46399,43297,37161,28293,20162,13285,6961,2791
27006,6ª Região de Saúde,206303,33161,37001,37035,32381,25516,19249,12203,6535,3222
27007,7ª Região de Saúde,528520,81911,93764,94325,80966,64552,51059,33508,19858,8577
27008,8ª Região de Saúde,157011,23183,25738,25630,23865,20002,16182,11453,7489,3469
27009,9ª Região de Saúde,236588,42321,43924,43769,33093,26547,20892,13277,8557,4208
27010,10ª Região de Saúde,160758,28391,29898,28577,23234,18176,14267,9331,6106,2778
28001,Aracaju,860938,115606,134945,146310,153391,122684,90605,57093,28251,12053
28002,Estância,246282,40733,41538,44546,39141,31170,23517,14371,7773,3493
28003,Itabaiana,252805,36959,39704,45067,40768,33895,25484,16707,9659,4562
28004,Lagarto,260614,37061,40598,47033,41179,34473,27448,17237,10534,5051
28005,Nossa Senhora da Glória,173135,29541,30167,32179,26967,21433,15701,9333,5454,2360
28006,Nossa Senhora do Socorro,345523,55357,59433,65202,55894,44310,34121,18877,8776,3553
28007,Propriá,159399,26005,26061,28335,25020,20151,15852,9611,5574,2790
29001,Alagoinhas,538747,79629,87423,93500,87896,72498,53468,34083,19864,10386
29002,Barreiras,461047,73565,81439,84695,79667,56478,40608,24755,13468,6372
29003,Brumado,406014,51959,61114,66998,66807,52881,44199,30561,20279,11216
29004,Camaçari,626537,94890,107725,111011,112019,88045,57646,34491,14822,5888
29005,Cruz das Almas,265033,35661,41375,44273,46471,37729,27384,17002,9592,5546
29006,Feira de Santana,1150832,156651,182293,191960,194000,159820,118571,77628,46213,23696
29007,Guanambi,456064,60273,69118,76571,74027,58633,49919,34175,21495,11853
29008,Ibotirama,195467,32092,32501,34916,29870,22458,18313,12605,8302,4410
29009,Ilhéus,298681,44286,47191,47974,46670,39146,32434,22724,12108,6148
29010,Irecê,413611,64702,68425,68127,62693,52662,42198,28312,17798,8694
29011,Itaberaba,251369,38854,41358,42917,38549,31064,24476,16979,11057,6115
29012,Itabuna,506504,70591,78463,79719,81549,65985,54961,40688,22582,11966
29013,Itapetinga,247367,35400,40114,39985,40130,31546,25278,17721,11161,6032
29014,Jacobina,392323,59337,61555,64939,60965,50664,39750,27575,18356,9182
29015,Jequié,489413,68928,75315,78509,77784,62977,51986,38668,22157,13089
29016,Juazeiro,533013,87034,94287,90774,81617,68218,50127,31681,19684,9591
29017,Paulo Afonso,252764,38865,42708,42389,38773,33457,24974,16224,10373,5001
29018,Porto Seguro,381727,62791,68382,65748,60760,49329,35403,22890,11461,4963
29019,Ribeira do Pombal,324181,45759,51135,56186,49098,41389,34549,22402,15661,8002
29020,Salvador,3400621,386811,500690,546217,606197,525613,393386,261107,124241,56359
29021,Santa Maria da Vitória,301737,46369,48329,51077,47342,37525,30684,20734,12967,6710
29022,Santo Antônio de Jesus,459312,63396,71071,76680,77294,64032,48563,30688,17234,10354
29023,Seabra,184730,27592,30005,31211,28474,22607,18595,13021,8412,4813
29024,Senhor do Bonfim,297714,44601,48542,49389,45723,39627,29930,20064,13146,6692
29025,Serrinha,632552,93604,101415,106336,99415,81781,63360,42089,29620,14932
29026,Teixeira de Freitas,452773,69095,74546,77303,71302,58304,46288,30934,16837,8164
29027,Valença,312014,49957,53928,55733,51070,38570,29464,18991,9553,4748
29028,Vitória da Conquista,640917,89324,104000,102481,101778,84164,68036,46497,29348,15289
31001,Alfenas / Machado,302098,37201,39882,46576,45449,41440,38663,28855,15821,8211
31002,Guaxupé,144742,16502,18379,22896,22828,20047,18684,13890,7493,4023
31003,Itajubá,205172,24188,26427,32282,31313,28666,27036,19235,10433,5592
31004,Lavras,184586,21319,24334,29348,29344,25337,23285,17767,9057,4795
31006,Poços de Caldas,238398,26827,30396,36025,37534,34173,30165,23824,12911,6543
31007,Pouso Alegre,548821,65118,72961,87444,86777,77380,69438,49731,26708,13264
31008,São Lourenço,263323,30945,33227,40168,38700,36262,35345,26331,14499,7846
31009,São Sebastião do Paraíso,125982,14930,16411,19474,19237,16923,15738,12637,6866,3766
31010,Três Corações,133506,17313,18994,22376,20793,17936,15955,11454,5731,2954
31011,Três Pontas,125507,15689,17001,20146,18924,17162,15490,11882,6010,3203
31012,Varginha,201309,24731,27291,32201,32348,28052,24550,18610,9067,4459
31013,Barbacena,238637,26908,30362,37467,36364,34040,32152,22744,12361,6239
31015,São João Del Rei,240651,26827,30709,37084,36187,34784,33202,23171,12287,6400
31016,Belo Horizonte/ Nova Lima/ Caeté,3411258,385279,458276,536151,571397,494753,410110,306278,164821,84193
31017,Betim,728243,100549,107792,127977,119290,101653,81925,53613,24474,10970
31018,Contagem,876811,113037,127647,149561,149060,127618,98722,66816,31335,13015
31019,Curvelo,185711,23420,25179,30352,28526,25263,22994,16129,8986,4862
31020,Guanhães,93123,12634,12802,15728,13720,12020,10846,7707,4735,2931
31021,Itabira,237098,29903,31838,38588,38591,33473,28962,19729,10282,5732
31022,Ouro Preto,186880,23452,26411,31857,31523,25859,21766,14794,7476,3742
31023,João Monlevade,139441,16350,18193,20953,21435,19089,18603,13228,7582,4008
31024,Sete Lagoas,449072,54283,60573,74460,71982,62663,56570,38284,20113,10144
31025,Vespasiano,328997,43054,47988,56447,54103,46709,37981,25114,11949,5652
31026,Diamantina,142504,19821,19977,24923,23153,18400,15992,10544,6193,3501
31027,Turmalina/Minas Novas/Capelinha,124958,19371,19423,23214,21621,15134,11902,7939,4225,2129
31028,Bom Despacho,107489,12103,13735,16810,16109,15207,14441,10184,5835,3065
31030,Formiga,122971,12378,14718,18699,19088,17550,17350,12496,7003,3689
31031,Itaúna,124127,14094,16127,20255,19794,17859,16241,11148,5751,2858
31032,Pará de Minas,252399,34682,42243,45742,44410,33075,24925,15793,7739,3790
31034,Caratinga,203324,26837,27786,31564,31093,28578,24583,17492,9725,5666
31035,Coronel Fabriciano/Timóteo,231628,28590,31769,36357,36869,31879,29416,20682,10516,5550
31036,Governador Valadares,430602,57915,61426,68244,65474,57527,51150,36191,21056,11619
31037,Ipatinga,409191,52934,57476,65246,66620,56568,47028,36367,17844,9108
31038,Mantena,70031,9089,9153,10197,10488,10190,8785,6298,3689,2142
31040,Resplendor,89267,11715,11811,13210,12556,12341,11258,8401,5058,2917
31041,Além  Paraíba,57311,6742,7383,8848,8305,7811,7590,5644,3107,1881
31042,Carangola,128704,17247,18281,20585,19348,17356,15291,11298,5916,3382
31044,Leopoldina / Cataguases,183358,19930,22189,27249,27919,25566,24680,18644,10980,6201
31045,Muriaé,174538,20246,22339,26747,28025,24064,22226,16645,9057,5189
31046,Santos Dumont,50683,5663,6139,7737,7533,6988,7103,5205,2819,1496
31047,São João Nepomuceno / bicas,73081,8261,9225,11381,10909,9515,9864,7334,4093,2499
31048,Ubá,316719,37785,42178,50446,50102,43508,40442,28169,15342,8747
31049,Brasília de Minas/São Francisco,233905,37567,35173,41867,37165,27535,22937,16249,10098,5314
31050,Coração de Jesus,47569,6868,6279,8009,7451,6162,5516,3824,2267,1193
31051,Francisco Sá,74504,11691,11522,13566,11767,8843,7608,5078,2952,1477
31052,Janaúba/Monte Azul,278394,40759,40262,47845,45563,35018,29756,20679,12279,6233
31053,Januária,116874,19305,17688,20171,18047,13400,11894,8380,5123,2866
31055,Pirapora,146991,21977,21726,25102,24124,19046,15831,11108,5412,2665
31057,Patos de Minas,263568,30834,34331,42056,40500,38434,34432,23907,12844,6230
31058,Unaí,274324,40337,40668,48042,44258,37189,29763,19420,9843,4804
31059,Manhuaçu,345886,49362,50387,54727,53327,46148,39704,28178,15252,8801
31060,Ponte Nova,211450,24962,26155,31359,31520,29338,27776,20647,12139,7554
31061,Viçosa,138336,15430,17922,21380,22700,19390,17677,13193,6763,3881
31062,Águas Formosas,59634,9216,8364,9308,8888,7617,6287,4703,3341,1910
31064,Araçuaí,89638,12046,12439,15009,14914,11440,9873,6848,4353,2716
31065,Itaobim,80828,12571,11640,12910,11857,9971,8479,6363,4437,2600
31066,Nanuque,68286,9110,9239,10546,10677,9111,7807,5874,3739,2183
31067,Padre Paraíso,62910,10769,9859,10433,9563,7295,5950,4484,2870,1687
31068,Pedra azul,65080,9978,9581,10842,9765,8124,7062,4895,3161,1672
31070,Araxá,189071,23467,26089,31200,31924,26150,22585,16085,7789,3782
31071,Frutal / Iturama,181653,22992,25637,30113,31232,25494,21016,13998,7513,3658
31072,Uberaba,419482,50485,57947,67264,71098,58559,49634,35699,18959,9837
31073,Ituiutaba,195383,22774,25097,30079,29550,27870,25110,17919,11000,5984
31074,Patrocínio / Monte Carmelo,195323,24155,26526,31274,29991,28139,25343,16823,8909,4163
31075,Uberlândia / Araguari,915255,110714,127987,146594,151173,131237,111723,77352,39404,19071
31076,Manga,56910,9835,9116,9524,8088,6521,5845,4069,2527,1385
31077,João Pinheiro,73522,10669,11136,13174,11735,9857,7871,5098,2747,1235
31078,Congonhas,125453,15239,16603,21047,21718,16745,15519,10913,5182,2487
31079,Conselheiro Lafaiete,186232,22246,24731,29820,30357,25353,23305,16910,8934,4576
31080,Peçanha/São João Evangelista,57847,8400,8081,9596,8675,7262,6354,4579,3005,1895
31081,Santa Maria do Suaçuí,43389,6578,6219,7302,6229,5484,4811,3412,2109,1245
31082,São Gotardo,94524,11432,12924,14818,14409,13369,12028,8436,4693,2415
31083,Bocaiúva,78199,11425,11294,13237,12671,10235,8733,5828,3202,1574
31084,Montes Claros,443347,59900,66319,74949,77764,61405,46551,31647,16963,7849
31085,Taiobeiras,139307,19958,20562,24843,22593,17384,14303,10281,6117,3266
31086,Divinópolis,351052,40549,46846,56142,57614,50685,44540,30687,16013,7976
31087,Lagoa da Prata/Sto Ant do Monte,128822,15402,17493,21025,20847,18482,16217,10992,5635,2729
31088,Oliveira/Santo Antônio do Amparo,105654,12123,13783,16461,16233,15188,13712,9780,5389,2985
31089,Campo Belo,99524,11151,12330,14466,15240,14124,12789,10480,5718,3226
31090,Lima Duarte,70832,7656,8276,10192,9590,10551,10577,7400,4273,2317
31091,Cassia,50445,6614,6873,8162,7493,6804,5947,4715,2573,1264
31092,Passos,212096,25678,28069,33814,32714,29492,27151,19732,10366,5080
31093,Piumhi,76959,8674,9807,11787,11563,11054,10304,7642,3997,2131
31094,Almenara/Jacinto,171474,24936,23656,26052,25432,21790,19695,14565,9692,5656
31095,Serro,50545,7866,7597,8890,7303,6111,5549,3754,2130,1345
31096,Itambacuri,44524,6638,6311,7242,6560,5471,4930,3490,2311,1571
31097,Juiz de Fora,621864,66450,79575,96655,98847,85128,81572,62593,33248,17796
31098,salinas,68710,9826,9665,11065,10680,8691,7287,5780,3626,2090
31099,Teófilo Otoni / Malacacheta,280965,41653,40945,45895,43489,35932,30152,21686,13333,7880
32001,Central,661264,95435,94737,105405,109821,91748,74594,50672,24912,13940
32002,Metropolitana,2248766,313729,322366,355355,381608,309695,253568,181380,86497,44568
32003,Norte,430549,65469,62177,68662,68906,58622,48476,32670,16520,9047
32004,Sul,678071,92129,91232,103960,108565,92735,82725,58923,30324,17478
33001,Baia da Ilha Grande,291418,42103,40894,48487,48335,41933,33570,21992,10114,3990
33002,Baixada Litorânea,839958,118230,110331,131410,127975,117955,106937,73572,37056,16492
33003,Centro-Sul,340526,42413,42109,51646,51712,47353,45556,32968,17684,9085
33004,Médio Paraíba,913698,114102,113819,135182,142128,126962,120568,92212,46177,22548
33005,Metropolitana I,10497016,1342370,1375090,1615406,1645228,1481685,1267802,967950,520282,281203
33006,Metropolitana II,2116506,252320,259605,317569,333868,311583,273465,204908,109220,53968
33007,Noroeste,348191,42488,41852,48715,52211,49151,47930,34690,19988,11166
33008,Norte,945425,136619,130912,152522,156455,127504,110286,74864,37755,18508
33009,Serrana,972205,121049,121693,144393,145374,137159,127831,94914,52850,26942
35011,Alto do Tietê,3031955,458009,449282,502291,497771,424156,337382,219917,101302,41845
35012,Franco da Rocha,608783,94334,91846,103644,104170,84990,64472,41425,17539,6363
35013,Mananciais,1157544,177264,171940,190235,196820,165104,124141,81205,36864,13971
35014,Rota dos Bandeirantes,1894506,281083,278431,306310,322365,269517,207938,138863,64287,25712
35015,Grande ABC,2789871,357973,368775,421508,474654,407382,338089,241233,122336,57921
35016,São Paulo,12252023,1570977,1657455,1840613,2060796,1781509,1428985,1050511,562093,299084
35021,Central do DRS II,304821,35749,35925,43294,50190,45125,40906,28995,16048,8589
35022,Lagos do DRS II,205427,23457,23355,29222,34574,31458,26965,19156,11468,5772
35023,Consórcios do DRS II,281008,35109,34952,41037,45883,40513,35839,25769,14470,7436
35031,Central do DRS III,322386,40257,40650,48211,55095,46001,39654,28645,15458,8415
35032,Centro Oeste do DRS III,146881,18313,18835,21825,25191,20948,18278,12674,7023,3794
35033,Norte do DRS III,157668,19519,19861,23377,26079,22230,20223,14580,7709,4090
35034,Coração do DRS III,399047,50009,51182,59036,66971,57250,49122,35737,19092,10648
35041,Baixada Santista,1865397,256621,249406,271120,286856,260138,226688,171799,93898,48871
35051,Norte - Barretos,292653,37383,36965,43426,49380,41022,36160,26052,14663,7602
35052,Sul - Barretos,148254,18165,18218,22280,24122,20559,18509,13990,7952,4459
35061,Vale do Jurumirim,303868,41729,39735,45559,48384,42624,37151,27014,14302,7370
35062,Bauru,654154,81486,83896,97771,111483,92733,79569,58667,31347,17202
35063,Polo Cuesta,316844,43393,42027,47440,50738,44196,37786,27830,15170,8264
35064,Jaú,355931,46542,46709,52777,58448,50073,43601,31534,16636,9611
35065,Lins,169960,21458,21533,25040,27902,24122,21032,15433,8607,4833
35071,Bragança,475660,59625,59398,70287,77028,68502,59081,44391,24593,12755
35072,Região Metropolitana de Campinas,3244142,412674,426657,500938,562832,471871,389052,274671,137518,67929
35073,Jundiaí,815338,110323,110372,124456,141235,116973,94781,66426,33816,16956
35074,Circuito das Águas,136147,15490,15810,19187,22038,19735,17806,13669,7768,4644
35081,Três Colinas,427758,58580,59045,66488,68349,58235,51806,36627,19383,9245
35082,Alta Anhanguera,164615,22248,22692,25553,28066,22746,19310,13358,7139,3503
35083,Alta Mogiana,125803,17137,17150,18807,20566,17169,14908,10870,6131,3065
35091,Adamantina,138431,14310,15766,20025,24587,19614,17945,13409,8102,4673
35092,Assis,247470,31016,30744,36018,39581,35078,32095,23165,12905,6868
35093,Marília,390523,47467,47925,56347,62352,56055,49855,37772,21128,11622
35094,Ourinhos,244242,33058,31653,35749,37593,33490,30485,22529,12984,6701
35095,Tupã,128466,15218,15183,17238,19775,18034,17256,13102,7970,4690
35101,Araras,346589,45066,44838,53289,58613,47678,42144,30179,16331,8451
35102,Limeira,375650,48229,49518,57110,63761,53359,46091,33004,16382,8196
35103,Piracicaba,596232,76820,78244,90116,100810,84329,71115,52012,28124,14662
35104,Rio Claro,268075,34004,35223,41222,46162,38331,31663,22361,12222,6887
35111,Alta Paulista,135956,15021,15381,19565,22927,19746,17715,13220,7862,4519
35112,Alta Sorocabana,413476,49994,50764,59651,64421,59192,55632,39139,22564,12119
35113,Alto Capivari,59639,7946,7653,8859,9265,8392,7862,5147,2915,1600
35114,Extremo Oeste Paulista,99135,11827,11981,14254,16053,14546,13309,9253,5161,2751
35115,Pontal do Paranapanema,67421,9300,8810,10136,9990,9501,8731,5962,3408,1583
35121,Vale do Ribeira,284509,44514,37797,42266,39998,39005,34000,24966,14681,7282
35131,Horizonte Verde,447537,61863,62724,71525,78787,61627,49961,34379,17586,9085
35132,Aquífero Guarani,934756,116652,121917,143584,164341,130932,109348,80958,43739,23285
35133,Vale das Cachoeiras,141389,18092,18205,21692,22758,18925,17196,13125,7330,4066
35141,Baixa Mogiana,331154,39651,40212,49722,55414,47576,42740,31368,16413,8058
35142,Mantiqueira,286393,36076,36550,41932,46170,39921,36406,26826,14455,8057
35143,Rio Pardo,217325,25956,25954,31851,35007,29855,28318,21963,11921,6500
35151,Catanduva,320610,38563,39042,46418,53261,45051,40476,30361,17438,10000
35152,Santa Fé do Sul,47771,4979,5101,6342,7400,6917,6794,5293,3255,1690
35153,Jales,103857,11181,11233,13523,15537,15187,15000,11520,7001,3675
35154,Fernandópolis,117293,12625,13091,15677,18361,16915,16355,12581,7553,4135
35155,São José do Rio Preto,732845,84739,87780,103904,122735,107344,95463,70007,39554,21319
35156,José Bonifácio,105601,13548,13804,15981,18110,14636,12762,8940,5067,2753
35157,Votuporanga,201493,22484,23267,27799,33400,28750,27305,20501,11928,6059
35161,Itapetininga,510392,71855,70123,80979,84774,70675,58180,41132,21952,10722
35162,Itapeva,281984,43417,39341,45665,42398,37908,32842,22287,12160,5966
35163,Sorocaba,1741781,233140,232195,273646,293812,248097,209301,144109,72390,35091
35171,Alto Vale do Paraíba,1103668,148777,145949,168994,184658,157713,132023,97353,47770,20431
35172,Circuito da Fé e Vale Histórico,486352,64085,62836,72921,79396,68147,60679,43763,23197,11328
35173,Litoral Norte,336281,49915,47096,53128,53846,49000,38488,26114,13064,5630
35174,Vale do Paraíba/Região Serrana,626309,83644,83261,96422,104223,89686,75472,53803,27052,12746
41001,1ª RS Paranaguá,297029,45373,42615,47704,41445,40365,36713,24845,12701,5268
41002,2ª RS Metropolitana,3654960,501454,527618,599681,586039,523203,422968,287023,142982,63992
41003,3ª RS Ponta Grossa,637293,99319,97617,107474,96181,85247,69823,46631,24024,10977
41004,4ª RS Irati,174933,25561,25338,29478,25972,23774,20921,13524,7089,3276
41005,5ª RS Guarapuava,456587,69448,66909,76981,65389,61452,54068,35896,18593,7851
41006,6ª RS União da Vitória,177311,26271,25944,29365,25956,24353,20924,13775,7270,3453
41007,7ª RS Pato Branco,267234,39268,38140,44480,39391,34597,31808,22296,11843,5411
41008,8ª RS Francisco Beltrão,358144,46597,46688,58104,53909,47824,46812,32393,17698,8119
41009,9ª RS Foz do Iguaçu,404414,57563,56916,66392,59868,56126,50002,33615,17050,6882
41010,10ª RS Cascavel,550709,74987,75669,91950,85116,76225,66722,45121,24256,10663
41011,11ª RS Campo Mourão,328863,40536,41363,50418,47913,46007,45066,30986,17671,8903
41012,12ª RS Umuarama,276371,33891,34971,41316,41464,38768,36403,25854,15472,8232
41013,13ª RS Cianorte,160642,20722,21427,26153,24739,22897,20437,13120,7356,3791
41014,14ª RS Paranavaí,275974,35951,36077,42730,40564,38223,36321,24327,14280,7501
41015,15ª RS Maringá,838017,100092,109916,131063,134033,117155,108067,76355,41837,19499
41016,16ª RS Apucarana,384198,49592,51120,59655,58743,53450,48580,33982,19515,9561
41017,17ª RS Londrina,964251,120835,128092,147721,148498,133224,121428,89293,50613,24547
41018,18ª RS Cornélio Procópio,222583,27364,27129,32562,31410,30560,30449,22801,13469,6839
41019,19ª RS Jacarezinho,289020,38572,37904,43901,42589,39310,37534,26812,14961,7437
41020,20ª RS Toledo,398323,49556,52253,63441,61357,55694,51541,34861,20199,9421
41021,21ª RS Telêmaco Borba,188456,30975,28760,31118,28010,24949,20423,13579,7426,3216
41022,22ª RS Ivaiporã,128645,16954,15608,18971,17463,17713,17690,12880,7680,3686
42001,Extremo Oeste,232413,27656,26034,36509,36403,30849,31948,23603,12989,6422
42002,Oeste,364866,46677,46831,61404,61748,49565,45786,30216,15519,7120
42003,Xanxerê,201088,28142,26469,32725,31076,26638,25143,17332,9299,4264
42004,Alto Vale do Itajaí,297821,40532,38604,47879,48639,40470,37222,24585,13431,6459
42005,Foz do Rio Itajaí,715485,99041,96300,120263,123027,99822,84048,55599,25988,11397
42006,Médio Vale do Itajaí,795369,98861,104922,132002,139983,113142,97776,63891,30285,14507
42007,Grande Florianópolis,1209818,145105,150775,193636,214864,176476,148591,104512,51644,24215
42008,Meio Oeste,192347,25170,24542,30173,29870,26449,24845,17125,9590,4583
42009,Alto Vale do Rio do Peixe,294895,43955,41559,48812,44630,39948,35569,22650,12247,5525
42010,Alto Uruguai Catarinense,143718,17159,16744,20778,22228,20009,19689,14853,8280,3978
42011,Nordeste,1040439,143320,140497,173093,177707,148062,123239,80606,37289,16626
42012,Planalto Norte,379079,55203,51574,60439,59625,53843,46013,30103,15023,7256
42013,Serra Catarinense,288162,40110,37742,45076,43914,38844,36510,25319,14012,6635
42014,Extremo Sul Catarinense,202376,27251,25864,31821,31651,26721,27001,18240,9496,4331
42015,Carbonífera,438166,55449,55193,71184,76270,58449,57967,38321,17507,7826
42016,Laguna,368746,45562,44164,56384,59604,49949,50563,35447,18626,8447
43001,Região 01 - Verdes Campos,436807,50332,55141,64185,66172,56001,58235,46064,26421,14256
43002,Região 02 - Entre Rios,123022,13631,14074,17349,16830,16162,17964,14058,8479,4475
43003,Região 03 - Fronteira Oeste,458083,62806,62687,68478,61947,57911,60086,44607,26164,13397
43004,Região 04 - Belas Praias,160805,20651,20656,24385,22937,20906,22108,16585,8735,3842
43005,Região 05 - Bons Ventos,236258,29634,29519,33828,31779,29418,33403,26742,15242,6693
43006,Região 06 - Vale do Paranhana e Costa Serr,235000,32381,33080,37989,35223,31934,30011,19341,10253,4788
43007,Região 07 - Vale dos Sinos,829904,106625,114386,134546,131027,114120,107704,71682,34431,15383
43008,Região 08 - Vale do Caí e Metropolitana,778841,104610,108408,123161,122479,102199,94634,71220,36011,16119
43009,Região 09 - Carbonífera/Costa Doce,413183,54239,56575,64588,61962,54380,52351,38793,20670,9625
43010,Região 10 - Capital e Vale do Gravataí,2369210,293607,316393,363556,372012,314662,284612,232078,126904,65386
43011,Região 11 - Sete Povos das Missões,279639,32481,32988,40235,38652,37299,39130,31297,18259,9298
43012,Região 12 - Portal das Missões,151846,18793,18946,22017,21988,19886,20635,15891,9017,4673
43013,Região 13 - Diversidade,229293,26378,27495,32954,33518,30673,31107,25076,14582,7510
43014,Região 14 - Fronteira Noroeste,223910,22872,23747,31125,31311,30462,33605,27255,15798,7735
43015,Região 15 - Caminho das Águas,182722,21082,21160,26440,25630,23388,25730,21347,11969,5976
43016,Região 16 - Alto Uruguai Gaúcho,232942,24580,26482,33805,33993,31223,33282,25970,15277,8330
43017,Região 17 - Planalto,416446,50938,54263,64248,66213,54593,52606,40739,21951,10895
43018,Região 18 - Araucárias,133202,14386,15324,19855,18943,17126,19156,15058,8975,4379
43019,Região 19 - Botucaraí,117302,14719,14697,17407,16700,15310,15717,12281,7009,3462
43020,Região 20 - Rota da Produção,163205,20840,20183,24084,23008,20795,22194,17274,9786,5041
43021,Região 21 - Sul,878951,107092,113277,130641,129550,113178,113400,91077,52828,27908
43022,Região 22 - Pampa,188345,24328,25371,28911,27345,23846,24278,18116,10440,5710
43023,Região 23 - Caxias e Hortênsias,620945,77937,84881,100107,104304,84516,74849,54443,27090,12818
43024,Região 24 - Campos de Cima da Serra,99809,13972,13935,15218,13966,12732,12542,9394,5366,2684
43025,Região 25 - Vinhedos e Basalto,317563,32285,37313,47781,52329,43711,43445,33282,18005,9412
43026,Região 26 - Uva Vale,189350,20268,23269,29516,30417,25738,27141,18483,9678,4840
43027,Região 27 - Jacuí Centro,203016,24214,25147,28872,28679,25972,28124,22206,12981,6821
43028,Região 28 - Vinte e Oito,351490,40400,43582,53254,53225,48216,47372,35666,19616,10159
43029,Região 29 - Vales e Montanhas,225922,24360,25982,33179,35342,30543,30813,24486,13851,7366
43030,Região 30 - Vale da Luz,130228,15387,16252,19458,20182,17495,17165,13260,7196,3833
50001,Campo Grande,1520047,227256,221372,247412,244981,209209,171039,113775,57893,27110
50002,Corumbá,134766,23282,21702,23184,20942,17142,13632,8404,4464,2014
50003,Dourados,840545,139826,129686,138638,129239,109606,91026,57701,30271,14552
50004,Três Lagoas,283628,41750,40610,45827,46757,40014,31800,21175,10730,4965
51001,Alto Tapajós,107911,16071,15576,18071,16425,15395,13544,7733,3631,1465
51002,Baixada Cuiabana,1008820,148797,149961,160064,175664,145927,110366,71367,33090,13584
51003,Araguaia Xingu,90760,16659,15077,15651,14701,12090,8231,4993,2465,893
51004,Centro Norte,101178,15685,14685,16288,16154,14196,11547,7362,3694,1567
51005,Garças Araguaia,126381,19889,19038,19232,19166,17669,14518,9630,5016,2223
51006,Médio Araguaia,98762,16991,15920,16488,16107,13548,9903,6044,2711,1050
51007,Médio Norte Matogrossense,248714,40874,41581,43918,41389,33813,24905,13654,6130,2450
51008,Noroeste Matogrossense,165972,30222,27460,28903,26242,22868,16038,8883,4039,1317
51009,Norte Araguaia Karajá,24897,4256,3760,3981,3732,3643,2601,1731,800,393
51010,Norte Matogrossense,68763,9954,9622,11239,10399,9866,8597,5166,2730,1190
51011,Oeste Matogrossense,198231,30583,29600,30753,31525,27875,22119,14588,7635,3553
51012,Sudoeste Matogrossense,119311,20973,19372,19748,18983,15894,12230,7199,3505,1407
51013,Sul Matogrossense,531245,80470,80155,87127,88844,76979,58076,35312,17025,7257
51014,Teles Pires,433441,71202,73902,82424,76905,56614,40272,21001,8323,2798
51015,Vale do Peixoto,106203,16795,15763,18789,16209,13247,12886,7700,3553,1261
51016,Vale dos Arinos,53877,8459,7889,8951,8516,7745,6344,3620,1651,702
52001,Central,1910923,248783,268664,305216,341165,281682,216264,144988,72500,31661
52002,Centro Sul,944218,145698,143468,165736,160843,134015,97927,58115,27287,11129
52003,Entorno Norte,269355,45056,42275,47591,45863,37107,26047,15161,7319,2936
52004,Entorno Sul,910035,165773,157679,171863,148787,123707,78672,39610,17465,6479
52005,Estrada de Ferro,314184,42699,43067,49861,52579,45996,37276,24254,12808,5644
52006,Nordeste I,46464,8620,6689,7604,7541,5989,4591,2997,1626,807
52007,Nordeste II,104943,18413,15727,17063,17694,13973,10603,6638,3326,1506
52008,Norte,136519,18596,17508,20768,20961,20584,17327,11725,6326,2724
52009,Oeste I,113882,13200,12844,16488,16577,17488,16494,11367,6440,2984
52010,Oeste II,115958,13910,13948,17786,18300,17281,15555,10454,6018,2706
52011,Pirineus,521757,74928,74750,84551,85606,75126,59812,38467,19767,8750
52012,Rio Vermelho,199298,26054,25384,30299,31995,30385,25705,16677,8883,3916
52013,São Patrício I,166102,20724,20645,25567,25546,24985,22344,14595,8045,3651
52014,Serra da Mesa,129150,18741,17255,20590,21054,18535,15417,9955,5214,2389
52015,Sudoeste I,466594,68243,68927,79821,84888,64788,48041,29725,15417,6744
52016,Sudoeste II,232723,33579,32929,38588,39686,33162,25430,16487,8809,4053
52017,Sul,253654,33453,32934,39402,40287,37878,31440,21241,11643,5376
52018,São Patrício II,182595,27586,26321,29889,30179,26273,20792,12292,6394,2869
53001,Distrito Federal,3015268,393208,453191,505375,548604,459774,326460,194760,94126,39770
